[
  {
    "Name" : "Scottsdale Fashion Square",
    "Address" : "7055 East Camelback Road",
    "Address 2" : "",
    "City" : "Scottsdale",
    "Province/State" : "AZ",
    "Country" : "United States",
    "Postal/Zip Code" : "85251",
    "Phone" : "480.946.4111",
    "Fax" : "",
    "Email" : "contact@nordstrom.com",
    "Website" : "http://shop.nordstrom.com/c/wedding-suite-locations/"
  },
  {
    "Name" : "Little White Dress Shop",
    "Address" : "3420 West 32nd Avenue",
    "Address 2" : "",
    "City" : "Denver",
    "Province/State" : "CO",
    "Country" : "United States",
    "Postal/Zip Code" : "80211",
    "Phone" : "303-814-8972",
    "Fax" : "",
    "Email" : "info@lwdbridal.com",
    "Website" : "http://www.lwdbridal.com/"
  },
  {
    "Name" : "Park Meadows Mall",
    "Address" : "8465 Park Meadows Center Drive",
    "Address 2" : "",
    "City" : "Lone Tree",
    "Province/State" : "CO",
    "Country" : "United States",
    "Postal/Zip Code" : "80124",
    "Phone" : "303-799-3400",
    "Fax" : "",
    "Email" : "contact@nordstrom.com",
    "Website" : "http://shop.nordstrom.com/c/wedding-suite-locations?origin=leftnav/"
  },
  {
    "Name" : "Anna Bé",
    "Address" : "1575 Boulder Street ",
    "Address 2" : "",
    "City" : "Denver",
    "Province/State" : "CO",
    "Country" : "United Street",
    "Postal/Zip Code" : "80211",
    "Phone" : "720-855-1111",
    "Fax" : "",
    "Email" : "info@anna-be.com",
    "Website" : "http://anna-be.com/"
  },
  {
    "Name" : "Everthine",
    "Address" : "91 Wall Street ",
    "Address 2" : "",
    "City" : "Madison",
    "Province/State" : "CT",
    "Country" : "United States",
    "Postal/Zip Code" : "06443",
    "Phone" : "203-421-6222",
    "Fax" : "",
    "Email" : "info@shopeverthine.com",
    "Website" : "http://wwww.shopeverthine.com/"
  },
  {
    "Name" : "Claire Pettibone Flagship",
    "Address" : "236 South Robertson Blvd",
    "Address 2" : "",
    "City" : "Beverly Hills",
    "Province/State" : "CA",
    "Country" : "United States",
    "Postal/Zip Code" : "90211",
    "Phone" : "310.360.6268",
    "Fax" : "",
    "Email" : "wholesale@clairepettibone.com",
    "Website" : "http://clairepettibone.com/"
  },
  {
    "Name" : "BHLDN",
    "Address" : "211 S. Beverly Drive",
    "Address 2" : "",
    "City" : "Beverly Hills",
    "Province/State" : "CA",
    "Country" : "United States",
    "Postal/Zip Code" : "90212",
    "Phone" : "888-942-4536",
    "Fax" : "",
    "Email" : "Support@BHLDN.com",
    "Website" : "http://www.bhldn.com/"
  },
  {
    "Name" : "Lovella Bridal",
    "Address" : "224 S Brand Blvd.",
    "Address 2" : "",
    "City" : "Glendale",
    "Province/State" : "CA",
    "Country" : "United States",
    "Postal/Zip Code" : "91204",
    "Phone" : "(818) 246-4637",
    "Fax" : "(818) 241-5409",
    "Email" : "INFO@LOVELLABRIDAL.COM",
    "Website" : "http://lovellabridal.com/"
  },
  {
    "Name" : "Lovely Bridal Shop",
    "Address" : "638 1/2 Robertson Blvd.",
    "Address 2" : "",
    "City" : "West Hollywood",
    "Province/State" : "CA",
    "Country" : "United States",
    "Postal/Zip Code" : "90069",
    "Phone" : "",
    "Fax" : "",
    "Email" : "biz@lovelybride.com",
    "Website" : "http://lovelybride.com/"
  },
  {
    "Name" : "Valley Fair Mall",
    "Address" : "2400 Forest Avenue",
    "Address 2" : "",
    "City" : "San Jose",
    "Province/State" : "CA",
    "Country" : "United States",
    "Postal/Zip Code" : "95128",
    "Phone" : "408.248.2180",
    "Fax" : "",
    "Email" : "contact@nordstrom.com",
    "Website" : "http://shop.nordstrom.com/c/wedding-suite-locations-valley-fair?cm_sp=merch-_-wedding_0505weddingsuite-_-layoutf_info22/"
  },
  {
    "Name" : "LiliBridals",
    "Address" : "18663 Ventura Blvd",
    "Address 2" : "",
    "City" : "Tarzana",
    "Province/State" : "CA",
    "Country" : "United States",
    "Postal/Zip Code" : "91356",
    "Phone" : "818-774-9700",
    "Fax" : "",
    "Email" : "sales@lilibridals.com",
    "Website" : "http://lilibridals.com/"
  },
  {
    "Name" : "Topanga",
    "Address" : "21725 Victory Boulevard",
    "Address 2" : "",
    "City" : "Canoga Park",
    "Province/State" : "CA",
    "Country" : "United States",
    "Postal/Zip Code" : "91303",
    "Phone" : "818.884.7900",
    "Fax" : "",
    "Email" : "contact@nordstrom.com",
    "Website" : "http://shop.nordstrom.com/c/wedding-suite-locations-topanga?cm_sp=merch-_-wedding_0505weddingsuite-_-layoutf_info21/"
  },
  {
    "Name" : "Wisteria Bridal",
    "Address" : "2388 E. Thousand Oaks Blvd",
    "Address 2" : "",
    "City" : "Thousand Oaks",
    "Province/State" : "CA",
    "Country" : "United States",
    "Postal/Zip Code" : "91360",
    "Phone" : "",
    "Fax" : "",
    "Email" : "wholesale@twigsandhoney.com",
    "Website" : "http://www.twigsandhoney.com/"
  },
  {
    "Name" : "Two's Company",
    "Address" : "13031 Newport Ave",
    "Address 2" : "Suite #114",
    "City" : "Tustin",
    "Province/State" : "CA",
    "Country" : "United States",
    "Postal/Zip Code" : "92780",
    "Phone" : "714.544.1922",
    "Fax" : "",
    "Email" : "info@styledbytc.com",
    "Website" : "http://styledbytc.com/"
  },
  {
    "Name" : "Brea Mall",
    "Address" : "500 Brea Mall Way",
    "Address 2" : "",
    "City" : "Brea",
    "Province/State" : "CA",
    "Country" : "United States",
    "Postal/Zip Code" : "92821",
    "Phone" : "714.529.0123",
    "Fax" : "",
    "Email" : "contact@nordstrom.com",
    "Website" : "http://shop.nordstrom.com/c/wedding-suite-locations-brea-mall?cm_sp=merch-_-wedding_0505weddingsuite-_-layoutf_info18/"
  },
  {
    "Name" : "And Something Blue",
    "Address" : "3600 Sacramento Street",
    "Address 2" : "",
    "City" : "San Francisco",
    "Province/State" : "CA",
    "Country" : "United States",
    "Postal/Zip Code" : "94118",
    "Phone" : "415 409 0217",
    "Fax" : "415 409 0215",
    "Email" : "ido@shopandsomethingblue.com",
    "Website" : "http://www.shopandsomethingblue.com/"
  },
  {
    "Name" : "San Francisco Centre",
    "Address" : "865 Market Street",
    "Address 2" : "",
    "City" : "San Francisco",
    "Province/State" : "CA",
    "Country" : "United States",
    "Postal/Zip Code" : "94103",
    "Phone" : "415.243.8500",
    "Fax" : "",
    "Email" : "contact@nordstrom.com",
    "Website" : "http://shop.nordstrom.com/c/wedding-suite-locations-san-francisco-center?cm_sp=merch-_-wedding_0505weddingsuite-_-layoutf_info20/"
  },
  {
    "Name" : "Sarah Seven Flagship",
    "Address" : "3138 Geary BLVD",
    "Address 2" : "",
    "City" : "San Francisco",
    "Province/State" : "CA",
    "Country" : "United States",
    "Postal/Zip Code" : "94118",
    "Phone" : "510-928-4607",
    "Fax" : "",
    "Email" : "Orders@sarahseven.com",
    "Website" : "http://www.sarahseven.com/"
  },
  {
    "Name" : "Bella Bridesmaid",
    "Address" : "2250 Union St",
    "Address 2" : "Suite 1B",
    "City" : "San Francisco",
    "Province/State" : "CA",
    "Country" : "United States",
    "Postal/Zip Code" : "94123",
    "Phone" : "415 931 5492",
    "Fax" : "415 931 5493",
    "Email" : "sanfrancisco@bellabridesmaids.com",
    "Website" : "http://www.bellabridesmaid.com/"
  },
  {
    "Name" : "Couture Bridal Miami",
    "Address" : "9545 Harding Ave",
    "Address 2" : "",
    "City" : "Surfside",
    "Province/State" : "FL",
    "Country" : "United States",
    "Postal/Zip Code" : "33154",
    "Phone" : "305-864-6270",
    "Fax" : "",
    "Email" : "info@couturebridalmiami.com",
    "Website" : "http://www.couturebridalmiami.com/"
  },
  {
    "Name" : "Village of Merrick Park",
    "Address" : "4310 Ponce de Leon Boulevard",
    "Address 2" : "",
    "City" : "Coral Gables",
    "Province/State" : "FL",
    "Country" : "United States",
    "Postal/Zip Code" : "33146",
    "Phone" : "786.999.1313",
    "Fax" : "",
    "Email" : "contact@nordstrom.com",
    "Website" : "http://shop.nordstrom.com/c/wedding-suite-locations-village-of-merrick-park?cm_sp=merch-_-wedding_0505weddingsuite-_-layoutf_info17/"
  },
  {
    "Name" : "The Sentimentalist",
    "Address" : "1655 Defoor Ave. NW",
    "Address 2" : "",
    "City" : "Atlanta",
    "Province/State" : "GA",
    "Country" : "United States",
    "Postal/Zip Code" : "30318",
    "Phone" : "404-355-7500",
    "Fax" : "404-355-7500",
    "Email" : "gabi@thesentimentalistatl.com",
    "Website" : "http://thesentimentalistatl.com/"
  },
  {
    "Name" : "Ivory + Beau",
    "Address" : "7302 Abercorn St,",
    "Address 2" : "Suite B",
    "City" : "Savannah",
    "Province/State" : "GA",
    "Country" : "United States",
    "Postal/Zip Code" : "31401",
    "Phone" : "912-200-4794",
    "Fax" : "",
    "Email" : "ivoryandbeau@gmail.com",
    "Website" : "http://www.ivoryandbeau.com/"
  },
  {
    "Name" : "BHLDN",
    "Address" : "8 East Walton Street",
    "Address 2" : "",
    "City" : "Chicago",
    "Province/State" : "IL",
    "Country" : "United States",
    "Postal/Zip Code" : "60611",
    "Phone" : "888-942-4536",
    "Fax" : "",
    "Email" : "Support@BHLDN.com",
    "Website" : "http://bhldn.com/"
  },
  {
    "Name" : "BHLDN.com",
    "Address" : "Ships Everywhere",
    "Address 2" : "",
    "City" : "",
    "Province/State" : "ONLINE",
    "Country" : "",
    "Postal/Zip Code" : "",
    "Phone" : "",
    "Fax" : "",
    "Email" : "",
    "Website" : "http://BHLDN.com/"
  },
  {
    "Name" : "AccessoryAvenue.com",
    "Address" : "Ships Everywhere",
    "Address 2" : "",
    "City" : "",
    "Province/State" : "ONLINE",
    "Country" : "",
    "Postal/Zip Code" : "",
    "Phone" : "",
    "Fax" : "",
    "Email" : "",
    "Website" : "http://AccessoryAvenue.com/"
  },
  {
    "Name" : "Lorem Ipsum Doler",
    "Address" : "Ships Everywhere",
    "Address 2" : "",
    "City" : "",
    "Province/State" : "SPECIAL",
    "Country" : "",
    "Postal/Zip Code" : "",
    "Phone" : "",
    "Fax" : "",
    "Email" : "",
    "Website" : ""
  },
  {
    "Name" : "Another Special Retailer",
    "Address" : "Ships Everywhere",
    "Address 2" : "",
    "City" : "",
    "Province/State" : "SPECIAL",
    "Country" : "",
    "Postal/Zip Code" : "",
    "Phone" : "",
    "Fax" : "",
    "Email" : "",
    "Website" : ""
  },
  {
    "Name" : "A third Special Retailer",
    "Address" : "Ships Everywhere",
    "Address 2" : "",
    "City" : "",
    "Province/State" : "SPECIAL",
    "Country" : "",
    "Postal/Zip Code" : "",
    "Phone" : "",
    "Fax" : "",
    "Email" : "",
    "Website" : "http://tricky.co.uk"
  },
  {
    "Name" : "Sarah Seven Flagship",
    "Address" : "530 W Arlington PL",
    "Address 2" : "",
    "City" : "Chicago",
    "Province/State" : "IL",
    "Country" : "United States",
    "Postal/Zip Code" : "60614",
    "Phone" : "510-928-4607",
    "Fax" : "",
    "Email" : "Orders@sarahseven.com",
    "Website" : "http://www.sarahseven.com/"
  },
  {
    "Name" : "Oakbrook Center",
    "Address" : "10 Oak Brook Center",
    "Address 2" : "",
    "City" : "Oak Brook",
    "Province/State" : "IL",
    "Country" : "United States",
    "Postal/Zip Code" : "60523",
    "Phone" : "630.571.2121",
    "Fax" : "",
    "Email" : "contact@nordstrom.com",
    "Website" : "http://shop.nordstrom.com/c/wedding-suite-locations-oakbrook-center?cm_sp=merch-_-wedding_0505weddingsuite-_-layoutf_info11/"
  },
  {
    "Name" : "Michigan Avenue",
    "Address" : "55 East Grand Avenue",
    "Address 2" : "",
    "City" : "Chicago",
    "Province/State" : "IL",
    "Country" : "United States",
    "Postal/Zip Code" : "60611",
    "Phone" : "312-464-1515",
    "Fax" : "",
    "Email" : "contact@nordstrom.com",
    "Website" : "http://shop.nordstrom.com/c/wedding-suite-locations-michigan-avenue?cm_sp=merch-_-wedding_0505weddingsuite-_-layoutf_info10/"
  },
  {
    "Name" : "The Couture Closet",
    "Address" : "123 East Main Street",
    "Address 2" : "",
    "City" : "La Grange",
    "Province/State" : "KY",
    "Country" : "United States",
    "Postal/Zip Code" : "40031",
    "Phone" : "",
    "Fax" : "",
    "Email" : "",
    "Website" : "http://coutureclosetboutique.com/"
  },
  {
    "Name" : "Spoil Me",
    "Address" : "Falmouth Village Center 240",
    "Address 2" : "Route 1",
    "City" : "Falmouth",
    "Province/State" : "ME",
    "Country" : "United States",
    "Postal/Zip Code" : "04105",
    "Phone" : "(207) 773-0743",
    "Fax" : "",
    "Email" : "info@shopspoilme.com",
    "Website" : "http://www.shopspoilme.com/"
  },
  {
    "Name" : "Ceremony",
    "Address" : "48 Charles St",
    "Address 2" : "3rd Floor",
    "City" : "Boston",
    "Province/State" : "MA",
    "Country" : "United States",
    "Postal/Zip Code" : "02114",
    "Phone" : "857-277-1669",
    "Fax" : "",
    "Email" : "",
    "Website" : "http://www.ceremony-boston.com/"
  },
  {
    "Name" : "BHLDN at Anthropologie",
    "Address" : "220 Boylston Street ",
    "Address 2" : "",
    "City" : "Newton",
    "Province/State" : "MA",
    "Country" : "United States",
    "Postal/Zip Code" : "02459",
    "Phone" : "617-527-3081",
    "Fax" : "",
    "Email" : "Support@BHLDN.com",
    "Website" : "http://www.bhldn.com/"
  },
  {
    "Name" : "Belles & Lace",
    "Address" : "320 Central Ave.",
    "Address 2" : "",
    "City" : "Great Falls",
    "Province/State" : "MT",
    "Country" : "United States",
    "Postal/Zip Code" : "59401",
    "Phone" : "406-952-0808",
    "Fax" : "",
    "Email" : "Courteney@Bellesandlace.com",
    "Website" : "http://Bellesandlace.com/"
  },
  {
    "Name" : "Velvet Bride",
    "Address" : "420 N. Higgins",
    "Address 2" : "Suite C",
    "City" : "Missoula",
    "Province/State" : "MT",
    "Country" : "United States",
    "Postal/Zip Code" : "59802",
    "Phone" : "406-529-0061",
    "Fax" : "",
    "Email" : "lauren@velvetbride.com",
    "Website" : "http://velvetbride.com/"
  },
  {
    "Name" : "Flutter Boutique",
    "Address" : "104 W Franklin Ave",
    "Address 2" : "#200",
    "City" : "Minneapolis",
    "Province/State" : "MN",
    "Country" : "United States",
    "Postal/Zip Code" : "55404",
    "Phone" : "612-216-1926",
    "Fax" : "",
    "Email" : "info@flutterboutique.com",
    "Website" : "http://www.flutterboutique.com/"
  },
  {
    "Name" : "Bella Bridesmaid",
    "Address" : "9555 South Eastern Ave.",
    "Address 2" : "Suite 250 (2nd floor)",
    "City" : "Las Vegas",
    "Province/State" : "NV",
    "Country" : "United States",
    "Postal/Zip Code" : "89123",
    "Phone" : "702-547-2355",
    "Fax" : "",
    "Email" : "lasvegas@bellabridesmaids.com",
    "Website" : "http://www.bellabridesmaids.com/"
  },
  {
    "Name" : "Lovely Bridal Shop",
    "Address" : "313 West 4th Street",
    "Address 2" : "",
    "City" : "New York",
    "Province/State" : "NY",
    "Country" : "United States",
    "Postal/Zip Code" : "10014",
    "Phone" : "212-924-2050",
    "Fax" : "",
    "Email" : "biz@lovelybride.com",
    "Website" : "http://www.lovelybride.com/"
  },
  {
    "Name" : "Roosevelt Field",
    "Address" : "630 Old Country Road",
    "Address 2" : "",
    "City" : "Garden City",
    "Province/State" : "NY",
    "Country" : "United States",
    "Postal/Zip Code" : "11530",
    "Phone" : "516-746-0011",
    "Fax" : "",
    "Email" : "contact@nordstrom.com",
    "Website" : "http://shop.nordstrom.com/c/wedding-suite-locations-roosevelt-field?cm_sp=merch-_-wedding_0505weddingsuite-_-layoutf_info7/"
  },
  {
    "Name" : "Jenny Yoo Showroom",
    "Address" : "139 West 35th St",
    "Address 2" : "9th Floor",
    "City" : "New York",
    "Province/State" : "NY",
    "Country" : "United States",
    "Postal/Zip Code" : "10018",
    "Phone" : "212.645.0823",
    "Fax" : "212.645.0829",
    "Email" : "shop@jennyyoo.com",
    "Website" : "http://www.jennyyoo.com/"
  },
  {
    "Name" : "Garden State Plaza",
    "Address" : "501 Garden State Plaza",
    "Address 2" : "",
    "City" : "Paramus",
    "Province/State" : "NJ",
    "Country" : "United States",
    "Postal/Zip Code" : "07652",
    "Phone" : "201-843-1122",
    "Fax" : "",
    "Email" : "contact@nordstrom.com",
    "Website" : "http://shop.nordstrom.com/c/wedding-suite-locations?origin=leftnav/"
  },
  {
    "Name" : "Lace Bridal Couture",
    "Address" : "133 W Benson St.",
    "Address 2" : "",
    "City" : "Reading",
    "Province/State" : "OH",
    "Country" : "United States",
    "Postal/Zip Code" : "45215",
    "Phone" : "513-821-6000",
    "Fax" : "",
    "Email" : "info@lacebridalcouture.com",
    "Website" : "http://www.lacebridalcouture.com/"
  },
  {
    "Name" : "Beachwood Place",
    "Address" : "26200 Cedar Road",
    "Address 2" : "",
    "City" : "Beachwood",
    "Province/State" : "OH",
    "Country" : "United States",
    "Postal/Zip Code" : "44122",
    "Phone" : "216-378-2121",
    "Fax" : "",
    "Email" : "contact@nordstrom.com",
    "Website" : "http://shop.nordstrom.com/c/wedding-suite-locations-beachwood-place?cm_sp=merch-_-wedding_0505weddingsuite-_-layoutf_info9/"
  },
  {
    "Name" : "The English Dept.",
    "Address" : "1124 Alder Street",
    "Address 2" : "",
    "City" : "Portland",
    "Province/State" : "OR",
    "Country" : "United States",
    "Postal/Zip Code" : "97205",
    "Phone" : "503-224-0724",
    "Fax" : "",
    "Email" : "info@theenglishdept.com",
    "Website" : "http://www.theenglishdept.com/"
  },
  {
    "Name" : "Myra Callan Showroom & Studio",
    "Address" : "1107 Edgewater St NW",
    "Address 2" : "",
    "City" : "Salem",
    "Province/State" : "OR",
    "Country" : "United States",
    "Postal/Zip Code" : "97304",
    "Phone" : "",
    "Fax" : "",
    "Email" : "info@twigsandhoney.com",
    "Website" : "http://www.myracallan.com/"
  },
  {
    "Name" : "Lovely Philly",
    "Address" : "237 Market St",
    "Address 2" : "",
    "City" : "Philadelphia",
    "Province/State" : "PA",
    "Country" : "United States",
    "Postal/Zip Code" : "19106",
    "Phone" : "215-627-1800",
    "Fax" : "",
    "Email" : "philly@lovelybride.com",
    "Website" : "http://lovelybride.com/"
  },
  {
    "Name" : "The Plaza",
    "Address" : "190 North Gulph Road",
    "Address 2" : "",
    "City" : "King of Prussia",
    "Province/State" : "PA",
    "Country" : "United States",
    "Postal/Zip Code" : "19406",
    "Phone" : "610-265-6111",
    "Fax" : "",
    "Email" : "contact@nordstrom.com",
    "Website" : "http://shop.nordstrom.com/c/wedding-suite-locations-the-plaza-at-king-of-prussia?cm_sp=merch-_-wedding_0505weddingsuite-_-layoutf_info6/"
  },
  {
    "Name" : "Posh Bridal",
    "Address" : "820 1st Street",
    "Address 2" : "",
    "City" : "Lancaster",
    "Province/State" : "PA",
    "Country" : "United States",
    "Postal/Zip Code" : "17603",
    "Phone" : "717-291-9894",
    "Fax" : "",
    "Email" : "janell@berte.com",
    "Website" : "http://www.poshbridal.com/"
  },
  {
    "Name" : "The Dress Theory",
    "Address" : "434 Houston St.",
    "Address 2" : "",
    "City" : "Nashville",
    "Province/State" : "TN",
    "Country" : "United States",
    "Postal/Zip Code" : "37203",
    "Phone" : "",
    "Fax" : "",
    "Email" : "consign@thedresstheory.com",
    "Website" : "http://www.thedresstheory.com/"
  },
  {
    "Name" : "Hello Honey|The Wedding Room",
    "Address" : "39 West Broad Street",
    "Address 2" : "Suite 2D",
    "City" : "Cookeville",
    "Province/State" : "TN",
    "Country" : "United States",
    "Postal/Zip Code" : "38501",
    "Phone" : "931-260-9123",
    "Fax" : "",
    "Email" : "info@hellohoneybridal.com",
    "Website" : "http://www.hellohoneybridal.com/"
  },
  {
    "Name" : "Northpark Center",
    "Address" : "8687 North Central Expressway",
    "Address 2" : "",
    "City" : "Dallas",
    "Province/State" : "TX",
    "Country" : "United States",
    "Postal/Zip Code" : "75225",
    "Phone" : "214-231-3900",
    "Fax" : "",
    "Email" : "contact@nordstrom.com",
    "Website" : "http://shop.nordstrom.com/c/wedding-suite-locations-north-park-center?cm_sp=merch-_-wedding_0505weddingsuite-_-layoutf_info14/"
  },
  {
    "Name" : "Bella Bridesmaid",
    "Address" : "5800 Broadway",
    "Address 2" : "Suite 201",
    "City" : "San Antonio",
    "Province/State" : "TX",
    "Country" : "United States",
    "Postal/Zip Code" : "78209",
    "Phone" : "210-771-7762",
    "Fax" : "",
    "Email" : "sanantonio@bellabridesmaids.com",
    "Website" : "http://www.bellabridesmaids.com/"
  },
  {
    "Name" : "The Shops At La Cantera",
    "Address" : "15900 La Cantera Parkway",
    "Address 2" : "",
    "City" : "San Antonio",
    "Province/State" : "TX",
    "Country" : "United States",
    "Postal/Zip Code" : "78256",
    "Phone" : "210-332-1900",
    "Fax" : "",
    "Email" : "contact@nordstrom.com",
    "Website" : "http://shop.nordstrom.com/c/wedding-suite-locations-the-shops-at-la-cantera?cm_sp=merch-_-wedding_0505weddingsuite-_-layoutf_info16/"
  },
  {
    "Name" : "Highland Village Center",
    "Address" : "4056 Westheimer Road",
    "Address 2" : "",
    "City" : "Houston",
    "Province/State" : "TX",
    "Country" : "United States",
    "Postal/Zip Code" : "77027",
    "Phone" : "713-599-917",
    "Fax" : "",
    "Email" : "Support@BHLDN.com",
    "Website" : "http://www.bhldn.com/"
  },
  {
    "Name" : "Houston Galleria",
    "Address" : "5192 Hidalgo Street",
    "Address 2" : "",
    "City" : "Houston",
    "Province/State" : "TX",
    "Country" : "United States",
    "Postal/Zip Code" : "77056",
    "Phone" : "832-201-2700",
    "Fax" : "",
    "Email" : "contact@nordstrom.com",
    "Website" : "http://shop.nordstrom.com/c/wedding-suite-locations-houston-galleria?cm_sp=merch-_-wedding_0505weddingsuite-_-layoutf_info13/"
  },
  {
    "Name" : "Hannelore's of Olde Town",
    "Address" : "106 North Lee Street",
    "Address 2" : "",
    "City" : "Alexandria",
    "Province/State" : "VA",
    "Country" : "United States",
    "Postal/Zip Code" : "22314",
    "Phone" : "703-549-0387",
    "Fax" : "",
    "Email" : "INFO@HANNELORES.COM",
    "Website" : "http://hannelores.com/"
  },
  {
    "Name" : "Tysons Corner Center",
    "Address" : "8075 Tysons Corner Center",
    "Address 2" : "",
    "City" : "McLean",
    "Province/State" : "VA",
    "Country" : "United States",
    "Postal/Zip Code" : "22102",
    "Phone" : "703-761-1121",
    "Fax" : "",
    "Email" : "contact@nordstrom.com",
    "Website" : "http://shop.nordstrom.com/c/wedding-suite-locations-tysons-corner-center?cm_sp=merch-_-wedding_0505weddingsuite-_-layoutf_info8/"
  },
  {
    "Name" : "The Dress Theory",
    "Address" : "7222 Linden Ave.",
    "Address 2" : "Ste. A",
    "City" : "Seattle",
    "Province/State" : "WA",
    "Country" : "United States",
    "Postal/Zip Code" : "98101",
    "Phone" : "206-550-7948",
    "Fax" : "",
    "Email" : "consign@thedresstheory.com",
    "Website" : "http://thedresstheory.com/"
  },
  {
    "Name" : "Downtown Seattle",
    "Address" : "500 Pine Street",
    "Address 2" : "",
    "City" : "Seattle",
    "Province/State" : "WA",
    "Country" : "United States",
    "Postal/Zip Code" : "98101",
    "Phone" : "206-628-2111",
    "Fax" : "",
    "Email" : "contact@nordstrom.com",
    "Website" : "http://shop.nordstrom.com/c/wedding-suite-locations-downtown-seattle?cm_sp=merch-_-wedding_0505weddingsuite-_-layoutf_info19/"
  },
  {
    "Name" : "The Babushka Ballerina",
    "Address" : "717 Ann Street Fortitude Valley",
    "Address 2" : "",
    "City" : "Brisbane",
    "Province/State" : "QLD",
    "Country" : "AUSTRALIA",
    "Postal/Zip Code" : "4006",
    "Phone" : "07 3161 9554",
    "Fax" : "",
    "Email" : "fortitudevalley@thebabushkaballerina.com.au",
    "Website" : "http://thebabushkaballerina.com.au/"
  },
  {
    "Name" : "The Babushka Ballerina",
    "Address" : "G17 171 Queen Street Wintergarden Mall",
    "Address 2" : "",
    "City" : "Brisbane",
    "Province/State" : "CBD QLD",
    "Country" : "AUSTRALIA",
    "Postal/Zip Code" : "4000",
    "Phone" : "07 3172 7290",
    "Fax" : "",
    "Email" : "fortitudevalley@thebabushkaballerina.com.au",
    "Website" : "http://thebabushkaballerina.com.au/"
  },
  {
    "Name" : "Look at the Bride",
    "Address" : "Rua Visconde de Pirajá",
    "Address 2" : "371 Sbl.202 - Ipa",
    "City" : "Rio de Janeiro",
    "Province/State" : "RJ Brazil",
    "Country" : "BRAZIL",
    "Postal/Zip Code" : "22..410-003",
    "Phone" : "552171197676",
    "Fax" : "",
    "Email" : "contato@lookatthebride.com.br",
    "Website" : "http://lookatthebride.com.br/"
  },
  {
    "Name" : "The Address Love",
    "Address" : "Rue Fernando Amaro",
    "Address 2" : "1016",
    "City" : "Alto da XV",
    "Province/State" : "Curitiba/PR Brazil",
    "Country" : "Brazil",
    "Postal/Zip Code" : "",
    "Phone" : "41-3077-7172",
    "Fax" : "",
    "Email" : "contato@theaddresslove.com.br",
    "Website" : "http://www.theaddresslove.com.br/"
  },
  {
    "Name" : "Something Blue",
    "Address" : "1007 22nd Street West",
    "Address 2" : "",
    "City" : "Saskatoon",
    "Province/State" : "Saskatchewan",
    "Country" : "CANADA",
    "Postal/Zip Code" : "S7M 0S2",
    "Phone" : "",
    "Fax" : "",
    "Email" : "",
    "Website" : "http://somethingbluesaskatoon.com/"
  },
  {
    "Name" : "Miss Bride Wedding Shop",
    "Address" : "1/F, 2 Queen's Victoria Street Central",
    "Address 2" : "",
    "City" : "Hong Kong",
    "Province/State" : "HK",
    "Country" : "China",
    "Postal/Zip Code" : "",
    "Phone" : "2840 0108",
    "Fax" : "",
    "Email" : "info@missbridewedding.com ",
    "Website" : "http://missbrideweddingshop.com/"
  },
  {
    "Name" : "Cord Three",
    "Address" : "Dogenzaka 1-chrome Bldg.",
    "Address 2" : "1-16-16 Dogenzaka",
    "City" : "Shibuya",
    "Province/State" : "Tokyo",
    "Country" : "Japan",
    "Postal/Zip Code" : "150-0043",
    "Phone" : "81 3-3770-9722",
    "Fax" : "",
    "Email" : "",
    "Website" : "http://cliomariage.com/"
  },
  {
    "Name" : "Timeless Love",
    "Address" : "29-12 Oyaguchikitacho",
    "Address 2" : "",
    "City" : "Itabashi-ku",
    "Province/State" : "Tokyo",
    "Country" : "Japan",
    "Postal/Zip Code" : "1730031",
    "Phone" : "81 3 5926 8747",
    "Fax" : "",
    "Email" : "",
    "Website" : "http://timelesslove.jp/"
  },
  {
    "Name" : "Something Blue",
    "Address" : "Gouraud Street",
    "Address 2" : "",
    "City" : "Gemayze",
    "Province/State" : "Beirut",
    "Country" : "Lebanon",
    "Postal/Zip Code" : "",
    "Phone" : "961 1 562 066",
    "Fax" : "",
    "Email" : "cynthia@somethingbluelb.com",
    "Website" : "http://somethingbluelb.com/"
  },
  {
    "Name" : "Love, Yu",
    "Address" : "8 Mohamed Sultan Rd #03-01",
    "Address 2" : "",
    "City" : "Singapore",
    "Province/State" : "",
    "Country" : "Singapore",
    "Postal/Zip Code" : "238958",
    "Phone" : "65 6235 7781",
    "Fax" : "",
    "Email" : "yu@weloveyu.com",
    "Website" : "http://weloveyu.com/"
  },
  {
    "Name" : "Soyoo Bridal",
    "Address" : "90-25 Table 2025 bldg",
    "Address 2" : "2nd Floor",
    "City" : "Cheong-dam-dong",
    "Province/State" : "Gangnam-gu Seoul",
    "Country" : "SOUTH KOREA",
    "Postal/Zip Code" : "135-895",
    "Phone" : "82 2 541 7077",
    "Fax" : "",
    "Email" : "DRESS@SOYOO.CO.KR",
    "Website" : "http://soyoo.co.kr/salon.html/"
  },
  {
    "Name" : "Froufrou Bridal Boutique",
    "Address" : "17 Crescent Road",
    "Address 2" : "",
    "City" : "Tunbridge Wells",
    "Province/State" : "Kent",
    "Country" : "UNITED KINGDOM",
    "Postal/Zip Code" : "TN1 2LU",
    "Phone" : "01892 541381",
    "Fax" : "",
    "Email" : "info@froufroubride.co.uk",
    "Website" : "http://www.froufroubride.co.uk/"
  }
]